Points,Data
1.78E-15,17.62259439
0.02777,17.62217979
0.05554,17.62147264
0.08331,17.62044217
0.11108,17.61905765
0.13885,17.61422026
0.16662,17.60819423
0.19439,17.60587332
0.22216,17.61140931
0.24993,17.62873932
0.2777,17.65655611
0.30547,17.6881321
0.33324,17.71648979
0.36101,17.73467144
0.38878,17.73863041
0.41655,17.73027757
0.44432,17.71225262
0.47209,17.68719527
0.49986,17.65796209
0.52763,17.62834543
0.5554,17.60239006
0.58317,17.58414072
0.61094,17.57688197
0.63871,17.57653399
0.66648,17.57488309
0.69425,17.56366975
0.72202,17.53493275
0.74979,17.48896912
0.77756,17.43519411
0.80533,17.38349382
0.8331,17.3437306
0.86087,17.32107334
0.88864,17.31038552
0.91641,17.30516159
0.94418,17.298896
0.97195,17.28639875
0.99972,17.26860633
1.02749,17.24823721
1.05526,17.22801009
1.08303,17.21051177
1.1108,17.19693378
1.13857,17.18762898
1.16634,17.18293879
1.19411,17.18316668
1.22188,17.18741745
1.24965,17.19338187
1.27742,17.19866934
1.30519,17.20089151
1.33296,17.19828765
1.36073,17.19057672
1.3885,17.17769078
1.41627,17.1595619
1.44404,17.13674657
1.47181,17.11294008
1.49958,17.09282194
1.52735,17.08107197
1.55512,17.08175125
1.58289,17.09175617
1.61066,17.10337407
1.63843,17.10881611
1.6662,17.10047049
1.69397,17.07716553
1.72174,17.04584802
1.74951,17.01398312
1.77728,16.98902802
1.80505,16.97518983
1.83282,16.96844136
1.86059,16.96347106
1.88836,16.95496738
1.91613,16.93845596
1.9439,16.91400748
1.97167,16.8832278
1.99944,16.84772394
2.02721,16.80928717
2.05498,16.77205009
2.08275,16.74175647
2.11052,16.72418184
2.13829,16.72494601
2.16606,16.74308681
2.19383,16.76877339
2.2216,16.79154903
2.24937,16.80096408
2.27714,16.79121209
2.30491,16.76913799
2.33268,16.74372142
2.36045,16.72394201
2.38822,16.71701254
2.41599,16.71977903
2.44376,16.72531845
2.47153,16.72670239
2.4993,16.71748525
2.52707,16.69797695
2.55484,16.67345821
2.58261,16.649325
2.61038,16.6308904
2.63815,16.61935024
2.66592,16.60996865
2.69369,16.5975487
2.72146,16.57689584
2.74923,16.54560057
2.777,16.50942108
2.80477,16.47560508
2.83254,16.4514003
2.86031,16.44269606
2.88808,16.44676071
2.91585,16.45749141
2.94362,16.46877755
2.97139,16.47477914
2.99916,16.47383986
3.02693,16.46759394
3.0547,16.45776436
3.08247,16.44607098
3.11024,16.43404668
3.13801,16.42293629
3.16578,16.41396007
3.19355,16.40833797
3.22132,16.40660207
3.24909,16.40711148
3.27686,16.40779728
3.30463,16.40659058
3.3324,16.4018049
3.36017,16.39438175
3.38794,16.38636705
3.41571,16.37981056
3.44348,16.37665568
3.47125,16.3770227
3.49902,16.37949961
3.52679,16.38262676
3.55456,16.38495472
3.58233,16.3857644
3.6101,16.38554114
3.63787,16.38488286
3.66564,16.38438742
3.69341,16.38445245
3.72118,16.3847938
3.74895,16.38498234
3.77672,16.38458893
3.80449,16.38315997
3.83226,16.38005953
3.86003,16.37456941
3.8878,16.36597099
3.91557,16.35361822
3.94334,16.3382502
3.97111,16.32184989
3.99888,16.30644447
4.02665,16.29404524
4.05442,16.28527098
4.08219,16.27828158
4.10996,16.27098593
4.13773,16.26129294
4.1655,16.24778773
4.19327,16.2315384
4.22104,16.21418276
4.24881,16.19735867
4.27658,16.18262183
4.30435,16.17086393
4.33212,16.16265503
4.35989,16.15856312
4.38766,16.15905685
4.41543,16.16248212
4.4432,16.16514835
4.47097,16.16328294
4.49874,16.15313916
4.52651,16.13382791
4.55428,16.10986606
4.58205,16.08637198
4.60982,16.06846403
4.63759,16.05974398
4.66536,16.05780613
4.69313,16.0587575
4.7209,16.05870511
4.74867,16.0541438
4.77644,16.04497876
4.80421,16.03288602
4.83198,16.01955667
4.85975,16.0066453
4.88752,15.99492858
4.91529,15.98428344
4.94306,15.97454595
4.97083,15.96555406
4.9986,15.95741657
5.02637,15.9507915
5.05414,15.94640337
5.08191,15.9449767
5.10968,15.94671797
5.13745,15.94961974
5.16522,15.95108327
5.19299,15.9485098
5.22076,15.93958695
5.24853,15.92474545
5.2763,15.90594231
5.30407,15.885151
5.33184,15.86429165
5.35961,15.84383281
5.38738,15.82265377
5.41515,15.79955293
5.44292,15.77333668
5.47069,15.7443276
5.49846,15.7161472
5.52623,15.69285066
5.554,15.67849316
5.58177,15.67605752
5.60954,15.68358123
5.63731,15.69767722
5.66508,15.71495829
5.69285,15.73214145
5.72062,15.74703371
5.74839,15.75809153
5.77616,15.76378002
5.80393,15.76262367
5.8317,15.75499073
5.85947,15.74340603
5.88724,15.73051684
5.91501,15.71896842
5.94278,15.71087922
5.97055,15.7071369
5.99832,15.70845373
6.02609,15.71554194
6.05386,15.72819647
6.08163,15.7416462
6.1094,15.74970204
6.13717,15.74617446
6.16494,15.72556128
6.19271,15.69022582
6.22048,15.64754744
6.24825,15.60498654
6.27602,15.56987309
6.30379,15.54488147
6.33156,15.52686717
6.35933,15.51231895
6.3871,15.4977297
6.41487,15.48117805
6.44264,15.46472313
6.47041,15.45103859
6.49818,15.44279812
6.52595,15.44199837
6.55372,15.44699676
6.58149,15.45493319
6.60926,15.46294666
6.63703,15.46826953
6.6648,15.46930594
6.69257,15.46525946
6.72034,15.45534907
6.74811,15.43885052
6.77588,15.4173915
6.80365,15.39574161
6.83142,15.37888942
6.85919,15.37181939
6.88696,15.37699587
6.91473,15.39008086
6.9425,15.40560006
6.97027,15.41807921
6.99804,15.42298827
7.02581,15.42128225
7.05358,15.41589164
7.08135,15.40974955
7.10912,15.40563925
7.13689,15.4042736
7.16466,15.40485502
7.19243,15.40655161
7.2202,15.40853426
7.24797,15.41010926
7.27574,15.41077631
7.30351,15.41004993
7.33128,15.40744491
7.35905,15.4027151
7.38682,15.39630899
7.41459,15.38880045
7.44236,15.38076339
7.47013,15.37281813
7.4979,15.36587665
7.52567,15.36096396
7.55344,15.3591053
7.58121,15.36116521
7.60898,15.36555604
7.63675,15.36877794
7.66452,15.36728039
7.69229,15.35756759
7.72006,15.33930062
7.74783,15.31696343
7.7756,15.29544669
7.80337,15.27964037
7.83114,15.27273667
7.85891,15.27261615
7.88668,15.27612338
7.91445,15.28010293
7.94222,15.281656
7.96999,15.2796292
7.99776,15.27359592
8.02553,15.26313196
8.0533,15.24792073
8.08107,15.22946565
8.10884,15.21078691
8.13661,15.19495104
8.16438,15.18499444
8.19215,15.18185971
8.21992,15.18306645
8.24769,15.18581804
8.27546,15.18731799
8.30323,15.18562581
8.331,15.18168747
8.35877,15.17705667
8.38654,15.17328715
8.41431,15.17174882
8.44208,15.17245682
8.46985,15.17482039
8.49762,15.17824595
8.52539,15.18208789
8.55316,15.18472128
8.58093,15.18364915
8.6087,15.17634408
8.63647,15.1603074
8.66424,15.13549278
8.69201,15.10614621
8.71978,15.07694697
8.74755,15.0525743
8.77532,15.03649137
8.80309,15.0277394
8.83086,15.02435485
8.85863,15.02437416
8.8864,15.0259723
8.91417,15.02843252
8.94194,15.03156997
8.96971,15.03520315
8.99748,15.0391182
9.02525,15.04241995
9.05302,15.04356516
9.08079,15.04098485
9.10856,15.03312387
9.13633,15.01990244
9.1641,15.00400724
9.19187,14.98842937
9.21964,14.97615993
9.24741,14.96948311
9.27518,14.96791005
9.30295,14.97027205
9.33072,14.97540039
9.35849,14.98216059
9.38626,14.98971585
9.41403,14.99738259
9.4418,15.00447848
9.46957,15.01029891
9.49734,15.0136117
9.52511,15.01264862
9.55288,15.00561742
9.58065,14.99074356
9.60842,14.96868431
9.63619,14.94498486
9.66396,14.92577572
9.69173,14.91718741
9.7195,14.92328491
9.74727,14.93939161
9.77504,14.95851882
9.80281,14.97367781
9.83058,14.97849863
9.85835,14.97247358
9.88612,14.9583279
9.91389,14.93882071
9.94166,14.91669717
9.96943,14.8943292
9.9972,14.87368356
10.02497,14.85670666
10.05274,14.84533751
10.08051,14.84016069
10.10828,14.83884047
10.13605,14.83866124
10.16382,14.83690739
10.19159,14.83137416
10.21936,14.8221895
10.24713,14.81014688
10.2749,14.79603981
10.30267,14.78064445
10.33044,14.76455738
10.35821,14.74826916
10.38598,14.73226895
10.41375,14.71705
10.44152,14.70322975
10.46929,14.69156967
10.49706,14.68283933
10.52483,14.67780545
10.5526,14.67652783
10.58037,14.67742987
10.60814,14.67870406
10.63591,14.67854292
10.66368,14.67572216
10.69145,14.67189197
10.71922,14.66958664
10.74699,14.67134073
10.77476,14.67937572
10.80253,14.69237265
10.8303,14.70677427
10.85807,14.71898803
10.88584,14.72550862
10.91361,14.72588865
10.94138,14.72347023
10.96915,14.72183113
10.99692,14.72454308
11.02469,14.73295265
11.05246,14.74287275
11.08023,14.74927056
11.108,14.74711326
11.13577,14.73289189
11.16354,14.71120804
11.19131,14.68935096
11.21908,14.67461165
11.24685,14.67362454
11.27462,14.68487931
11.30239,14.70135693
11.33016,14.71593447
11.35793,14.72158274
11.3857,14.71508016
11.41347,14.69824839
11.44124,14.67325608
11.46901,14.64227257
11.49678,14.6078836
11.52455,14.57378818
11.55232,14.54386948
11.58009,14.52201064
11.60786,14.51122744
11.63563,14.50954751
11.6634,14.5132188
11.69117,14.51848706
11.71894,14.52173037
11.74671,14.52113238
11.77448,14.51618268
11.80225,14.50639992
11.83002,14.49135364
11.85779,14.47303471
11.88556,14.45686268
11.91333,14.44851717
11.9411,14.45367418
11.96887,14.47440901
11.99664,14.50243596
12.02441,14.52761708
12.05218,14.53981439
12.07995,14.53089516
12.10772,14.50519724
12.13549,14.4718449
12.16326,14.43997226
12.19103,14.41823811
12.2188,14.40814166
12.24657,14.4056466
12.27434,14.40657278
12.30211,14.40677308
12.32988,14.40396118
12.35765,14.39866911
12.38542,14.39166373
12.41319,14.38371199
12.44096,14.37565437
12.46873,14.36855945
12.4965,14.36353979
12.52427,14.36170798
12.55204,14.36390944
12.57981,14.36919105
12.60758,14.37585764
12.63535,14.38221174
12.66312,14.38662157
12.69089,14.38855174
12.71866,14.3883728
12.74643,14.38648248
12.7742,14.38327695
12.80197,14.37904781
12.82974,14.3739171
12.85751,14.3679914
12.88528,14.36137732
12.91305,14.35434612
12.94082,14.34771901
12.96859,14.34243181
12.99636,14.33942037
13.02413,14.33935838
13.0519,14.34100705
13.07967,14.3422801
13.10744,14.34108746
13.13521,14.33545504
13.16298,14.32556164
13.19075,14.31348679
13.21852,14.30137532
13.24629,14.29135822
13.27406,14.28441775
13.30183,14.27954322
13.3296,14.27552501
13.35737,14.27115353
13.38514,14.26561527
13.41291,14.25952303
13.44068,14.25381056
13.46845,14.24941163
13.49622,14.24712623
13.52399,14.2466955
13.55176,14.24735696
13.57953,14.2483451
13.6073,14.24892133
13.63507,14.24890619
13.66284,14.24864759
13.69061,14.24851402
13.71838,14.2488706
13.74615,14.24973167
13.77392,14.25045976
13.80169,14.25034642
13.82946,14.24868321
13.85723,14.2450043
13.885,14.23978629
13.91277,14.23373456
13.94054,14.22755452
13.96831,14.2218761
13.99608,14.21667988
14.02385,14.21161521
14.05162,14.20632884
14.07939,14.2004892
14.10716,14.19427122
14.13493,14.18836009
14.1627,14.18346354
14.19047,14.18028594
14.21824,14.17909115
14.24601,14.17926546
14.27378,14.18009121
14.30155,14.18085074
14.32932,14.18100459
14.35709,14.18076022
14.38486,14.1805207
14.41263,14.18068912
14.4404,14.18158507
14.46817,14.18274586
14.49594,14.18328114
14.52371,14.18229626
14.55148,14.17893698
14.57925,14.17341498
14.60702,14.16708926
14.63479,14.16137554
14.66256,14.1576851
14.69033,14.15664963
14.7181,14.15723505
14.74587,14.15819286
14.77364,14.15827456
14.80141,14.15642388
14.82918,14.15245372
14.85695,14.14642258
14.88472,14.13838896
14.91249,14.1285176
14.94026,14.11805912
14.96803,14.1088999
14.9958,14.10293435
15.02357,14.10198077
15.05134,14.10557375
15.07911,14.11062185
15.10688,14.11388858
15.13465,14.11214479
15.16242,14.10392151
15.19019,14.09178707
15.21796,14.0788735
15.24573,14.06831284
15.2735,14.06262576
15.30127,14.06134916
15.32904,14.06311098
15.35681,14.06653898
15.38458,14.07027177
15.41235,14.07306932
15.44012,14.07376771
15.46789,14.07120416
15.49566,14.06426157
15.52343,14.05339423
15.5512,14.04098722
15.57897,14.02954411
15.60674,14.02156526
15.63451,14.01842704
15.66228,14.01873634
15.69005,14.02068113
15.71782,14.02244936
15.74559,14.02260857
15.77336,14.02172665
15.80113,14.02102807
15.8289,14.0217377
15.85667,14.02496239
15.88444,14.03036242
15.91221,14.03662817
15.93998,14.04243209
15.96775,14.04646624
15.99552,14.0482025
16.02329,14.04813681
16.05106,14.04683469
16.07883,14.04486177
16.1066,14.0428473
16.13437,14.04158904
16.16214,14.04191232
16.18991,14.0446425
16.21768,14.05026819
16.24545,14.05736074
16.27322,14.06381391
16.30099,14.06752066
16.32876,14.06655591
16.35653,14.06144631
16.3843,14.05447665
16.41207,14.04797004
16.43984,14.04421376
16.46761,14.04382387
16.49538,14.04507028
16.52315,14.04604715
16.55092,14.04484953
16.57869,14.04041877
16.60646,14.03410846
16.63423,14.02769914
16.662,14.02297137
16.68977,14.02133974
16.71754,14.02196597
16.74531,14.02315516
16.77308,14.02321072
16.80085,14.02055156
16.82862,14.01531378
16.85639,14.00894989
16.88416,14.00294591
16.91193,13.9987727
16.9397,13.99706355
16.96747,13.9971942
16.99524,13.99843686
17.02301,14.00006375
17.05078,14.00143153
17.07855,14.002156
17.10632,14.00190246
17.13409,14.00033626
17.16186,13.99718441
17.18963,13.99258501
17.2174,13.98684416
17.24517,13.9802685
17.27294,13.97316725
17.30071,13.96589241
17.32848,13.95883104
17.35625,13.95237121
17.38402,13.94689854
17.41179,13.9426341
17.43956,13.93953464
17.46733,13.93753306
17.4951,13.93656227
17.52287,13.9365539
17.55064,13.93743533
17.57841,13.9391331
17.60618,13.94157374
17.63395,13.94465079
17.66172,13.94801964
17.68949,13.95123113
17.71726,13.95383563
17.74503,13.95540572
17.7728,13.95592037
17.80057,13.95571431
17.82834,13.95513425
17.85611,13.95452312
17.88388,13.95391613
17.91165,13.95281928
17.93942,13.95068634
17.96719,13.94697111
17.99496,13.94137518
18.02273,13.93448387
18.0505,13.92707941
18.07827,13.91994404
18.10604,13.91384428
18.13381,13.90942354
18.16158,13.90726722
18.18935,13.90796038
18.21712,13.91202104
18.24489,13.9185965
18.27266,13.92555215
18.30043,13.93070411
18.3282,13.93188269
18.35597,13.92834454
18.38374,13.92197366
18.41151,13.91493687
18.43928,13.90940102
18.46705,13.90694894
18.49482,13.90691689
18.52259,13.908101
18.55036,13.90929743
18.57813,13.90945342
18.6059,13.90880246
18.63367,13.90822828
18.66144,13.90861959
18.68921,13.91079749
18.71698,13.91402992
18.74475,13.91603317
18.77252,13.91445617
18.80029,13.9069614
18.82806,13.89294997
18.85583,13.8752555
18.8836,13.85711389
18.91137,13.84176106
18.93914,13.83190787
18.96691,13.82808621
18.99468,13.83026278
19.02245,13.83840427
19.05022,13.85227721
19.07799,13.86979366
19.10576,13.88786088
19.13353,13.90337619
19.1613,13.91332607
19.18907,13.91700826
19.21684,13.91618723
19.24461,13.91274767
19.27238,13.90857249
19.30015,13.90523768
19.32792,13.90366947
19.35569,13.90471132
19.38346,13.90920669
19.41123,13.91735394
19.439,13.92646271
19.46677,13.93303435
19.49454,13.93357019
19.52231,13.92497019
19.55008,13.90816333
19.57785,13.8864168
19.60562,13.86302655
19.63339,13.84123506
19.66116,13.82270705
19.68893,13.80730838
19.7167,13.79480695
19.74447,13.78497025
19.77224,13.7774705
19.80001,13.77176349
19.82778,13.76727507
19.85555,13.76343109
19.88332,13.75973816
19.91109,13.7560931
19.93886,13.75251044
19.96663,13.74900477
19.9944,13.7456461
20.02217,13.74311707
20.04994,13.74248093
20.07771,13.74480663
20.10548,13.75112773
20.13325,13.76128112
20.16102,13.77364581
20.18879,13.78651252
20.21656,13.79817345
20.24433,13.80740769
20.2721,13.81418294
20.29987,13.81864485
20.32764,13.82093912
20.35541,13.82128175
20.38318,13.82025584
20.41095,13.81856379
20.43872,13.8169081
20.46649,13.81594304
20.49426,13.81573903
20.52203,13.81597838
20.5498,13.81633641
20.57757,13.81649443
20.60534,13.81636787
20.63311,13.81617703
20.66088,13.81616264
20.68865,13.81656499
20.71642,13.81740744
20.74419,13.81814405
20.77196,13.81813657
20.79973,13.81674678
20.8275,13.81367902
20.85527,13.81056871
20.88304,13.8097273
20.91081,13.81346699
20.93858,13.82382385
20.96635,13.83915822
20.99412,13.85521732
21.02189,13.86769256
21.04966,13.87235047
21.07743,13.86838762
21.1052,13.85977465
21.13297,13.85083546
21.16074,13.84589188
21.18851,13.8475035
21.21628,13.85325414
21.24405,13.85985571
21.27182,13.86402008
21.29959,13.86304954
21.32736,13.85784455
21.35513,13.85066097
21.3829,13.84375716
21.41067,13.83927804
21.43844,13.83770324
21.46621,13.83824674
21.49398,13.84009089
21.52175,13.84242349
21.54952,13.84472685
21.57729,13.84692164
21.60506,13.84896422
21.63283,13.85081095
21.6606,13.85243925
21.68837,13.85389067
21.71614,13.8552189
21.74391,13.85647759
21.77168,13.85767571
21.79945,13.85852734
21.82722,13.85862713
21.85499,13.85756939
21.88276,13.85498964
21.91053,13.85119321
21.9383,13.84702952
21.96607,13.8433637
21.99384,13.84105205
22.02161,13.84037868
22.04938,13.84071649
22.07715,13.84135708
22.10492,13.84159212
22.13269,13.84101733
22.16046,13.84022429
22.18823,13.8400082
22.216,13.84116426
22.24377,13.84435384
22.27154,13.84928216
22.29931,13.85523842
22.32708,13.86151008
22.35485,13.86741323
22.38262,13.87278003
22.41039,13.87789061
22.43816,13.88303997
22.46593,13.88851975
22.4937,13.89435717
22.52147,13.90012875
22.54924,13.90536698
22.57701,13.90960441
22.60478,13.91242673
22.63255,13.91360757
22.66032,13.91296196
22.68809,13.91030497
22.71586,13.905564
22.74363,13.89953729
22.7714,13.8934298
22.79917,13.88844879
22.82694,13.88573315
22.85471,13.88504427
22.88248,13.88486611
22.91025,13.88363436
22.93802,13.87979368
22.96579,13.87266471
22.99356,13.86316745
23.02133,13.85239215
23.0491,13.8414291
23.07687,13.83134707
23.10464,13.82313295
23.13241,13.81775415
23.16018,13.81617807
23.18795,13.81916812
23.21572,13.82576989
23.24349,13.83416838
23.27126,13.84254214
23.29903,13.84910316
23.3268,13.85281905
23.35457,13.85340599
23.38234,13.85061213
23.41011,13.84419339
23.43788,13.83487096
23.46565,13.82525467
23.49342,13.81817331
23.52119,13.81645567
23.54896,13.82180009
23.57673,13.83125883
23.6045,13.84069071
23.63227,13.84595458
23.66004,13.84348068
23.68781,13.83493614
23.71558,13.82480035
23.74335,13.81757965
23.77112,13.81761326
23.79889,13.82497606
23.82666,13.83523024
23.85443,13.84372122
23.8822,13.84581183
23.90997,13.83969572
23.93774,13.82950676
23.96551,13.82012737
23.99328,13.81643997
24.02105,13.82195826
24.04882,13.83412645
24.07659,13.84870693
24.10436,13.86146206
24.13213,13.86854487
24.1599,13.87001271
24.18767,13.86816893
24.21544,13.86534376
24.24321,13.86381015
24.27098,13.86417942
24.29875,13.86518448
24.32652,13.86545732
24.35429,13.86363345
24.38206,13.85911981
24.40983,13.85306066
24.4376,13.84683787
24.46537,13.84183327
24.49314,13.83914857
24.52091,13.83854476
24.54868,13.83938224
24.57645,13.84102133
24.60422,13.84282539
24.63199,13.84419075
24.65976,13.8445341
24.68753,13.84327238
24.7153,13.83984597
24.74307,13.83447222
24.77084,13.82830698
24.79861,13.82256221
24.82638,13.81844821
24.85415,13.81665763
24.88192,13.81663104
24.90969,13.81762345
24.93746,13.81888988
24.96523,13.8197815
24.993,13.82014638
25.02077,13.8199926
25.04854,13.81932833
25.07631,13.81819526
25.10408,13.81703654
25.13185,13.81655989
25.15962,13.81747765
25.18739,13.82048256
25.21516,13.82551387
25.24293,13.8315382
25.2707,13.83745781
25.29847,13.84217559
25.32624,13.8449071
25.35401,13.84568084
25.38178,13.84465572
25.40955,13.84199064
25.43732,13.83808669
25.46509,13.83469668
25.49286,13.83404211
25.52063,13.83834499
25.5484,13.84957363
25.57617,13.86636086
25.60394,13.88498863
25.63171,13.90168966
25.65948,13.91275084
25.68725,13.91687796
25.71502,13.91611488
25.74279,13.91274937
25.77056,13.9090685
25.79833,13.90680092
25.8261,13.90611339
25.85387,13.90690168
25.88164,13.90906155
25.90941,13.91248806
25.93718,13.91707185
25.96495,13.92270193
25.99272,13.92926732
26.02049,13.93661576
26.04826,13.94399714
26.07603,13.95021084
26.1038,13.95404518
26.13157,13.95430771
26.15934,13.95081989
26.18711,13.94489938
26.21488,13.93798411
26.24265,13.93151172
26.27042,13.92647884
26.29819,13.92255407
26.32596,13.91915704
26.35373,13.9157074
26.3815,13.91173799
26.40927,13.9075207
26.43704,13.90362398
26.46481,13.90061707
26.49258,13.89902973
26.52035,13.89875837
26.54812,13.89918937
26.57589,13.89969459
26.60366,13.89965391
26.63143,13.89895093
26.6592,13.89826461
26.68697,13.898344
26.71474,13.89993808
26.74251,13.90349326
26.77028,13.90847429
26.79805,13.91414722
26.82582,13.91977806
26.85359,13.92468069
26.88136,13.92850713
26.90913,13.9310552
26.9369,13.93212332
26.96467,13.93155654
26.99244,13.93003099
27.02021,13.92893798
27.04798,13.92969219
27.07575,13.93368901
27.10352,13.94084715
27.13129,13.9485901
27.15906,13.95410062
27.18683,13.95456156
27.2146,13.9485606
27.24237,13.93959882
27.27014,13.93225092
27.29791,13.93109158
27.32568,13.93991951
27.35345,13.95658197
27.38122,13.97617167
27.40899,13.9937663
27.43676,14.00463748
27.46453,14.00790789
27.4923,14.00624118
27.52007,14.00243265
27.54784,13.99926442
27.57561,13.99826486
27.60338,13.99869348
27.63115,13.9995709
27.65892,13.99991773
27.68669,13.99912579
27.71446,13.99798713
27.74223,13.99762394
27.77,13.99915844
27.79777,14.00350006
27.82554,14.00978567
27.85331,14.0162721
27.88108,14.02120977
27.90885,14.02293826
27.93662,14.02178209
27.96439,14.02001546
27.99216,14.01999465
28.01993,14.02406094
28.0477,14.03275367
28.07547,14.04311778
28.10324,14.05179744
28.13101,14.05543681
28.15878,14.05178462
28.18655,14.04308494
28.21432,14.03272535
28.24209,14.02409344
28.26986,14.02018154
28.29763,14.02039924
28.3254,14.0222492
28.35317,14.02321634
28.38094,14.02087621
28.40871,14.01508048
28.43648,14.00806909
28.46425,14.00219504
28.49202,13.99980375
28.51979,14.00205379
28.54756,14.00763559
28.57533,14.01493188
28.6031,14.02232538
28.63087,14.02853439
28.65864,14.03375091
28.68641,14.03857132
28.71418,14.04359202
28.74195,14.0493271
28.76972,14.0554774
28.79749,14.06128003
28.82526,14.06596668
28.85303,14.06879258
28.8808,14.06968335
28.90857,14.06931611
28.93634,14.06840777
28.96411,14.06767617
28.99188,14.06803798
29.01965,14.07085356
29.04742,14.07754332
29.07519,14.08952767
29.10296,14.10737855
29.13073,14.12764727
29.1585,14.14569536
29.18627,14.15688416
29.21404,14.15708653
29.24181,14.14769785
29.26958,14.13348506
29.29735,14.11926328
29.32512,14.10975267
29.35289,14.10657727
29.38066,14.10765298
29.40843,14.1106771
29.4362,14.11334976
29.46397,14.1142184
29.49174,14.11386104
29.51951,14.11315359
29.54728,14.11297197
29.57505,14.11392403
29.60282,14.11524638
29.63059,14.11573825
29.65836,14.11419869
29.68613,14.10959738
29.7139,14.10292152
29.74167,14.0964764
29.76944,14.09259
29.79721,14.09354063
29.82498,14.09973803
29.85275,14.10920036
29.88052,14.11978951
29.90829,14.12936915
29.93606,14.13660829
29.96383,14.14225031
29.9916,14.14736805
30.01937,14.15303436
30.04714,14.15996196
30.07491,14.16687377
30.10268,14.17180915
30.13045,14.17280684
30.15822,14.1680904
30.18599,14.15828349
30.21376,14.14568692
30.24153,14.13263584
30.2693,14.12144997
30.29707,14.113773
30.32484,14.11032374
30.35261,14.11175427
30.38038,14.11871556
30.40815,14.13105358
30.43592,14.14638387
30.46369,14.16193885
30.49146,14.17495096
30.51923,14.18306401
30.547,14.18637902
30.57477,14.18590543
30.60254,14.18265415
30.63031,14.1776294
30.65808,14.17174001
30.68585,14.1658235
30.71362,14.16071569
30.74139,14.15724256
30.76916,14.1557228
30.79693,14.1557329
30.8247,14.15679041
30.85247,14.15841286
30.88024,14.16007735
30.90801,14.16114034
30.93578,14.16093594
30.96355,14.15879824
30.99132,14.15444111
31.01909,14.15003248
31.04686,14.14871592
31.07463,14.15363749
31.1024,14.16763469
31.13017,14.18866281
31.15794,14.21077851
31.18571,14.22792967
31.21348,14.23413907
31.24125,14.22804104
31.26902,14.21548713
31.29679,14.20295787
31.32456,14.19693311
31.35233,14.20172874
31.3801,14.21470737
31.40787,14.2318378
31.43564,14.24908881
31.46341,14.26281038
31.49118,14.27202022
31.51895,14.27687565
31.54672,14.27753828
31.57449,14.27424831
31.60226,14.26862665
31.63003,14.26347238
31.6578,14.26162235
31.68557,14.26588135
31.71334,14.27665986
31.74111,14.29035785
31.76888,14.30299278
31.79665,14.31058226
31.82442,14.3107422
31.85219,14.3066247
31.87996,14.30257977
31.90773,14.30295741
31.9355,14.31145459
31.96327,14.32681238
31.99104,14.34549876
32.01881,14.36396986
32.04658,14.37880188
32.07435,14.38892255
32.10212,14.39540339
32.12989,14.39939437
32.15766,14.40203965
32.18543,14.40394668
32.2132,14.40476033
32.24097,14.4040252
32.26874,14.4012859
32.29651,14.39640456
32.32428,14.39042949
32.35205,14.38468595
32.37982,14.38049922
32.40759,14.37900881
32.43536,14.37982334
32.46313,14.38179814
32.4909,14.38378326
32.51867,14.38468609
32.54644,14.38467139
32.57421,14.38512858
32.60198,14.38749779
32.62975,14.39320677
32.65752,14.40223567
32.68529,14.41178245
32.71306,14.41872944
32.74083,14.41995897
32.7686,14.41342364
32.79637,14.40138968
32.82414,14.38720994
32.85191,14.37423724
32.87968,14.36553752
32.90745,14.3616045
32.93522,14.36157496
32.96299,14.36457342
32.99076,14.36972663
33.01853,14.37621557
33.0463,14.38327766
33.07407,14.39015293
33.10184,14.39608283
33.12961,14.40051689
33.15738,14.40333358
33.18515,14.40446427
33.21292,14.40384033
33.24069,14.40141102
33.26846,14.39720337
33.29623,14.39126553
33.324,14.38364566
33.35177,14.37450554
33.37954,14.36511718
33.40731,14.35738008
33.43508,14.35320085
33.46285,14.3544128
33.49062,14.36079326
33.51839,14.36983446
33.54616,14.37890935
33.57393,14.38539669
33.6017,14.38786244
33.62947,14.38749782
33.65724,14.38584566
33.68501,14.38444875
33.71278,14.38447495
33.74055,14.38533254
33.76832,14.38591417
33.79609,14.38511237
33.82386,14.38190521
33.85163,14.37618305
33.8794,14.3683884
33.90717,14.35897145
33.93494,14.34840652
33.96271,14.33794028
33.99048,14.32973659
34.01825,14.32601266
34.04602,14.32897985
34.07379,14.33917497
34.10156,14.35315851
34.12933,14.36691363
34.1571,14.37642348
34.18487,14.37875101
34.21264,14.37642883
34.24041,14.37371738
34.26818,14.37487776
34.29595,14.38371139
34.32372,14.3986478
34.35149,14.41463743
34.37926,14.42657213
34.40703,14.42945655
34.4348,14.42245824
34.46257,14.41002743
34.49034,14.39695509
34.51811,14.38802784
34.54588,14.38617438
34.57365,14.3895822
34.60142,14.39569338
34.62919,14.40195003
34.65696,14.40609233
34.68473,14.40749127
34.7125,14.40607275
34.74027,14.40176314
34.76804,14.3945551
34.79581,14.38529202
34.82358,14.37540664
34.85135,14.36634352
34.87912,14.35953292
34.90689,14.35579233
34.93466,14.35510801
34.96243,14.35740698
34.9902,14.36261625
35.01797,14.37065022
35.04574,14.38138873
35.07351,14.3947057
35.10128,14.41047508
35.12905,14.42830914
35.15682,14.44627285
35.18459,14.4618645
35.21236,14.47258151
35.24013,14.47612097
35.2679,14.47300094
35.29567,14.46582905
35.32344,14.45726215
35.35121,14.44993855
35.37898,14.44555908
35.40675,14.44446498
35.43452,14.44689078
35.46229,14.45307064
35.49006,14.46277863
35.51783,14.47442944
35.5456,14.48618796
35.57337,14.49621905
35.60114,14.50293837
35.62891,14.50636565
35.65668,14.50715248
35.68445,14.50595194
35.71222,14.50344837
35.73999,14.50081408
35.76776,14.49960777
35.79553,14.50139866
35.8233,14.50772898
35.85107,14.51851496
35.87884,14.53115017
35.90661,14.54281089
35.93438,14.55067379
35.96215,14.55301124
35.98992,14.55158259
36.01769,14.54883934
36.04546,14.54723297
36.07323,14.54887955
36.101,14.55357182
36.12877,14.56011909
36.15654,14.56732716
36.18431,14.57402861
36.21208,14.57952001
36.23985,14.5834905
36.26762,14.5856416
36.29539,14.58567995
36.32316,14.58368478
36.35093,14.58035403
36.3787,14.57644395
36.40647,14.57271079
36.43424,14.56993106
36.46201,14.56895063
36.48978,14.57063025
36.51755,14.57583065
36.54532,14.58506118
36.57309,14.59619203
36.60086,14.60589393
36.62863,14.61083157
36.6564,14.60785551
36.68417,14.59740417
36.71194,14.58315927
36.73971,14.56891924
36.76748,14.55846252
36.79525,14.55377344
36.82302,14.55364663
36.85079,14.55654823
36.87856,14.56094442
36.90633,14.56565255
36.9341,14.57078928
36.96187,14.57677168
36.98964,14.58401682
37.01741,14.59274906
37.04518,14.60162152
37.07295,14.60852108
37.10072,14.61132947
37.12849,14.60802455
37.15626,14.5986628
37.18403,14.58530795
37.2118,14.57010564
37.23957,14.5551999
37.26734,14.54255512
37.29511,14.53379345
37.32288,14.53049866
37.35065,14.53425452
37.37842,14.54578596
37.40619,14.56239022
37.43396,14.58050947
37.46173,14.59658586
37.4895,14.60734109
37.51727,14.61197556
37.54504,14.61098575
37.57281,14.60487941
37.60058,14.59422294
37.62835,14.58100942
37.65612,14.56870369
37.68389,14.56083822
37.71166,14.56092714
37.73943,14.5698005
37.7672,14.58280667
37.79497,14.59462492
37.82274,14.59993456
37.85051,14.59498082
37.87828,14.58275217
37.90605,14.56805178
37.93382,14.55568285
37.96159,14.54993237
37.98936,14.55009943
38.01713,14.55268868
38.0449,14.55417405
38.07267,14.55112081
38.10044,14.54261496
38.12821,14.53052038
38.15598,14.51684393
38.18375,14.50359048
38.21152,14.49237333
38.23929,14.48394779
38.26706,14.47895541
38.29483,14.47803779
38.3226,14.48132383
38.35037,14.48656022
38.37814,14.49080222
38.40591,14.49110501
38.43368,14.48493968
38.46145,14.4741655
38.48922,14.46327421
38.51699,14.45679333
38.54476,14.45916944
38.57253,14.47230107
38.6003,14.49508667
38.62807,14.52625257
38.65584,14.56452122
38.68361,14.60755576
38.71138,14.65052694
38.73915,14.68824739
38.76692,14.71552971
38.79469,14.72852259
38.82246,14.73007634
38.85023,14.72513803
38.878,14.71865539
38.90577,14.71518959
38.93354,14.71483667
38.96131,14.71482596
38.98908,14.7123396
39.01685,14.70462656
39.04462,14.6913557
39.07239,14.67524059
39.10016,14.65918863
39.12793,14.64610409
39.1557,14.6376328
39.18347,14.63223885
39.21124,14.62789117
39.23901,14.6225587
39.26678,14.61494652
39.29455,14.60774745
39.32232,14.6049983
39.35009,14.61073692
39.37786,14.62850035
39.40563,14.65547792
39.4334,14.68449932
39.46117,14.7083087
39.48894,14.71977195
39.51671,14.71687587
39.54448,14.70449405
39.57225,14.68798471
39.60002,14.67270357
39.62779,14.66238863
39.65556,14.65637924
39.68333,14.65327426
39.7111,14.65167255
39.73887,14.65029593
39.76664,14.64858606
39.79441,14.64624578
39.82218,14.64297827
39.84995,14.63855118
39.87772,14.63363119
39.90549,14.62954528
39.93326,14.62763567
39.96103,14.62922633
39.9888,14.63474012
40.01657,14.64330418
40.04434,14.6539452
40.07211,14.66569012
40.09988,14.6778214
40.12765,14.69036936
40.15542,14.7035004
40.18319,14.71738091
40.21096,14.73217565
40.23873,14.74803895
40.2665,14.76512108
40.29427,14.78357229
40.32204,14.80345449
40.34981,14.82346768
40.37758,14.84124283
40.40535,14.85438214
40.43312,14.86052027
40.46089,14.85919774
40.48866,14.85288639
40.51643,14.84430758
40.5442,14.83618246
40.57197,14.83072723
40.59974,14.82856643
40.62751,14.83001177
40.65528,14.83537497
40.68305,14.84473311
40.71082,14.85655477
40.73859,14.8686339
40.76636,14.87876215
40.79413,14.88484345
40.8219,14.88670049
40.84967,14.88576559
40.87744,14.88352095
40.90521,14.88144031
40.93298,14.88039929
40.96075,14.88028902
40.98852,14.88090888
41.01629,14.88205823
41.04406,14.88344282
41.07183,14.88445046
41.0996,14.88440149
41.12737,14.88261623
41.15514,14.87857095
41.18291,14.87290065
41.21068,14.86676225
41.23845,14.86131516
41.26622,14.85767642
41.29399,14.85615638
41.32176,14.85634237
41.34953,14.85779613
41.3773,14.86007657
41.40507,14.86249611
41.43284,14.86393272
41.46061,14.86322015
41.48838,14.85919219
41.51615,14.85150212
41.54392,14.84280586
41.57169,14.83644678
41.59946,14.83576827
41.62723,14.84359405
41.655,14.85855549
41.68277,14.87725783
41.71054,14.89629317
41.73831,14.91236615
41.76608,14.92457835
41.79385,14.9343265
41.82162,14.94309948
41.84939,14.9523795
41.87716,14.96291592
41.90493,14.97407454
41.9327,14.98506757
41.96047,14.99510724
41.98824,15.00359637
42.01601,15.01069119
42.04378,15.01673401
42.07155,15.02206716
42.09932,15.02687668
42.12709,15.02997762
42.15486,15.02947456
42.18263,15.02346607
42.2104,15.01018146
42.23817,14.9909828
42.26594,14.97043659
42.29371,14.95325438
42.32148,14.94412888
42.34925,14.94509023
42.37702,14.95277942
42.40479,14.96318669
42.43256,14.97230228
42.46033,14.9769729
42.4881,14.97769737
42.51587,14.97594786
42.54364,14.97319653
42.57141,14.97083769
42.59918,14.96952179
42.62695,14.96948619
42.65472,14.97096382
42.68249,14.97417283
42.71026,14.97893001
42.73803,14.98461355
42.7658,14.9905794
42.79357,14.9961845
42.82134,15.0009709
42.84911,15.00488267
42.87688,15.00791655
42.90465,15.01006934
42.93242,15.01143314
42.96019,15.01253881
42.98796,15.0140433
43.01573,15.01660359
43.0435,15.02079076
43.07127,15.02627988
43.09904,15.03221323
43.12681,15.03772602
43.15458,15.04196394
43.18235,15.04439654
43.21012,15.04487146
43.23789,15.04325777
43.26566,15.03942608
43.29343,15.03366146
43.3212,15.0272151
43.34897,15.02147559
43.37674,15.01783154
43.40451,15.0174674
43.43228,15.02055362
43.46005,15.02694649
43.48782,15.03650218
43.51559,15.04895415
43.54336,15.06263508
43.57113,15.07498612
43.5989,15.08343411
43.62667,15.08547719
43.65444,15.08114973
43.68221,15.07364998
43.70998,15.06637495
43.73775,15.06271791
43.76552,15.06463055
43.79329,15.07045352
43.82106,15.07797126
43.84883,15.08496817
43.8766,15.08962122
43.90437,15.09221267
43.93214,15.09372765
43.95991,15.09515179
43.98768,15.09739901
44.01545,15.10048538
44.04322,15.10381568
44.07099,15.10678292
44.09876,15.10878934
44.12653,15.10961642
44.1543,15.1095514
44.18207,15.10891662
44.20984,15.10803442
44.23761,15.10721631
44.26538,15.10674463
44.29315,15.10689688
44.32092,15.10795053
44.34869,15.1101707
44.37646,15.11375078
44.40423,15.1188584
44.432,15.12566115
44.45977,15.1342169
44.48754,15.14307164
44.51531,15.14967053
44.54308,15.15143387
44.57085,15.1458342
44.59862,15.13287329
44.62639,15.11615836
44.65416,15.09957276
44.68193,15.08699853
44.7097,15.08096077
44.73747,15.08005111
44.76524,15.08215253
44.79301,15.08514801
44.82078,15.08734548
44.84855,15.08971655
44.87632,15.09426262
44.90409,15.10298732
44.93186,15.11767088
44.95963,15.13669504
44.9874,15.15579641
45.01517,15.17064185
45.04294,15.17696907
45.07071,15.17458355
45.09848,15.16949313
45.12625,15.16822734
45.15402,15.17731437
45.18179,15.20027274
45.20956,15.23122493
45.23733,15.2624649
45.2651,15.28628658
45.29287,15.29617497
45.32064,15.29369685
45.34841,15.28377733
45.37618,15.2713525
45.40395,15.26115989
45.43172,15.25458955
45.45949,15.25024723
45.48726,15.24665394
45.51503,15.24234341
45.5428,15.23672868
45.57057,15.23065737
45.59834,15.22510933
45.62611,15.22106434
45.65388,15.21917482
45.68165,15.21899168
45.70942,15.21983443
45.73719,15.22102258
45.76496,15.2219325
45.79273,15.22235892
45.8205,15.22228324
45.84827,15.22168775
45.87604,15.2205755
45.90381,15.21933936
45.93158,15.21871867
45.95935,15.21946482
45.98712,15.22232123
46.01489,15.22735685
46.04266,15.23346234
46.07043,15.23940974
46.0982,15.24397112
46.12597,15.24626134
46.15374,15.24663907
46.18151,15.245745
46.20928,15.24421984
46.23705,15.24268747
46.26482,15.2416376
46.29259,15.2414957
46.32036,15.24268681
46.34813,15.24560293
46.3759,15.24994192
46.40367,15.25474267
46.43144,15.25901801
46.45921,15.26178751
46.48698,15.26278666
46.51475,15.26309063
46.54252,15.26392167
46.57029,15.26650204
46.59806,15.27157324
46.62583,15.27799512
46.6536,15.28416723
46.68137,15.28848912
46.70914,15.2896368
46.73691,15.28868537
46.76468,15.2879421
46.79245,15.28972435
46.82022,15.29621752
46.84799,15.30649357
46.87576,15.31646673
46.90353,15.32191039
46.9313,15.31862164
46.95907,15.30562535
46.98684,15.28842116
47.01461,15.27328218
47.04238,15.26648153
47.07015,15.27223459
47.09792,15.28606714
47.12569,15.30121164
47.15346,15.31090053
47.18123,15.30923409
47.209,15.29851391
47.23677,15.28555563
47.26454,15.2772218
47.29231,15.28014605
47.32008,15.29485192
47.34785,15.31524285
47.37562,15.33489113
47.40339,15.34738684
47.43116,15.34952697
47.45893,15.34500923
47.4867,15.33842682
47.51447,15.33437298
47.54224,15.33614911
47.57001,15.34117052
47.59778,15.34517695
47.62555,15.34390798
47.65332,15.33360632
47.68109,15.31570307
47.70886,15.29468774
47.73663,15.27508927
47.7644,15.26132248
47.79217,15.25433213
47.81994,15.25104628
47.84771,15.24816877
47.87548,15.24241017
47.90325,15.23215326
47.93102,15.21964372
47.95879,15.20767096
47.98656,15.19902437
48.01433,15.19598893
48.0421,15.19836886
48.06987,15.20520702
48.09764,15.21554605
48.12541,15.22833532
48.15318,15.24147172
48.18095,15.25218806
48.20872,15.25770675
48.23649,15.25537083
48.26426,15.24673453
48.29203,15.23856083
48.3198,15.23793565
48.34757,15.25193231
48.37534,15.28304345
48.40311,15.32239377
48.43088,15.35937456
48.45865,15.38337709
48.48642,15.38639046
48.51419,15.3741996
48.54196,15.35715129
48.56973,15.34559524
48.5975,15.34903972
48.62527,15.36658305
48.65304,15.39029649
48.68081,15.41211939
48.70858,15.42411276
48.73635,15.42325907
48.76412,15.41304666
48.79189,15.39741021
48.81966,15.38028269
48.84743,15.36461508
48.8752,15.3507381
48.90297,15.33855014
48.93074,15.32794958
48.95851,15.31895894
48.98628,15.3123131
49.01405,15.30900054
49.04182,15.31001003
49.06959,15.3161482
49.09736,15.32574269
49.12513,15.33533159
49.1529,15.34141334
49.18067,15.34056081
49.20844,15.33287042
49.23621,15.3234186
49.26398,15.31765841
49.29175,15.32104053
49.31952,15.33665751
49.34729,15.36083083
49.37506,15.38867419
49.40283,15.41530129
49.4306,15.4364419
49.45837,15.45164857
49.48614,15.461938
49.51391,15.46832986
49.54168,15.4718256
49.56945,15.47315306
49.59722,15.47282888
49.62499,15.47136427
49.65276,15.4692732
49.68053,15.46722534
49.7083,15.4661257
49.73607,15.46689886
49.76384,15.47046903
49.79161,15.47704076
49.81938,15.48459323
49.84715,15.4906768
49.87492,15.49284185
49.90269,15.48912542
49.93046,15.48083327
49.95823,15.47061698
49.986,15.46113227
50.01377,15.45491928
50.04154,15.45259497
50.06931,15.45319024
50.09708,15.45568859
50.12485,15.45907943
50.15262,15.46275038
50.18039,15.46673311
50.20816,15.47111795
50.23593,15.47599522
50.2637,15.48138465
50.29147,15.48707072
50.31924,15.49278896
50.34701,15.49827492
50.37478,15.5033178
50.40255,15.50809738
50.43032,15.51296618
50.45809,15.51827748
50.48586,15.52436014
50.51363,15.53109136
50.5414,15.53795036
50.56917,15.5444027
50.59694,15.54991671
50.62471,15.5541861
50.65248,15.55729489
50.68025,15.55936594
50.70802,15.56052213
50.73579,15.56092041
50.76356,15.56084021
50.79133,15.56058844
50.8191,15.56047202
50.84687,15.56074114
50.87464,15.56119782
50.90241,15.56143141
50.93018,15.56102995
50.95795,15.55958133
50.98572,15.55666996
51.01349,15.55187695
51.04126,15.54478333
51.06903,15.53498358
51.0968,15.52346396
51.12457,15.513792
51.15234,15.50981553
51.18011,15.51538235
51.20788,15.53261704
51.23565,15.5569648
51.26342,15.5822527
51.29119,15.60230787
51.31896,15.6117565
51.34673,15.61208421
51.3745,15.60826827
51.40227,15.6053136
51.43004,15.6080546
51.45781,15.61736339
51.48558,15.63012737
51.51335,15.64305893
51.54112,15.65288493
51.56889,15.65823697
51.59666,15.66153339
51.62443,15.66564003
51.6522,15.67342275
51.67997,15.68682909
51.70774,15.70396653
51.73551,15.7219389
51.76328,15.73785003
51.79105,15.74898544
51.81882,15.75432883
51.84659,15.75379032
51.87436,15.7472894
51.90213,15.73480356
51.9299,15.71783373
51.95767,15.69951747
51.98544,15.68307304
52.01321,15.67170949
52.04098,15.66703814
52.06875,15.66726322
52.09652,15.67015149
52.12429,15.67346972
52.15206,15.67537798
52.17983,15.67581101
52.2076,15.6752039
52.23537,15.67399174
52.26314,15.67261298
52.29091,15.67154025
52.31868,15.67126614
52.34645,15.67228351
52.37422,15.67506823
52.40199,15.67958843
52.42976,15.68522959
52.45753,15.69134508
52.4853,15.6972894
52.51307,15.70268849
52.54084,15.7077896
52.56861,15.7129265
52.59638,15.71843296
52.62415,15.7245037
52.65192,15.73065612
52.67969,15.7362018
52.70746,15.74045225
52.73523,15.74278911
52.763,15.74337607
52.79077,15.74286592
52.81854,15.74191896
52.84631,15.74118482
52.87408,15.74094705
52.90185,15.74104029
52.92962,15.74127171
52.95739,15.74144871
52.98516,15.74145797
53.01293,15.74138108
53.0407,15.74132907
53.06847,15.74141296
53.09624,15.74169839
53.12401,15.7420123
53.15178,15.7421035
53.17955,15.74172072
53.20732,15.74066585
53.23509,15.73939025
53.26286,15.73877995
53.29063,15.73972895
53.3184,15.74310567
53.34617,15.74876445
53.37394,15.75523043
53.40171,15.76093876
53.42948,15.76432612
53.45725,15.76466574
53.48502,15.76344214
53.51279,15.76250107
53.54056,15.76368825
53.56833,15.76837236
53.5961,15.77521195
53.62387,15.78190978
53.65164,15.78616754
53.67941,15.78591516
53.70718,15.78215049
53.73495,15.77806701
53.76272,15.77690591
53.79049,15.78184973
53.81826,15.79336368
53.84603,15.80810535
53.8738,15.82244791
53.90157,15.83276606
53.92934,15.83683607
53.95711,15.83642076
53.98488,15.83398697
54.01265,15.83200156
54.04042,15.83244591
54.06819,15.83431949
54.09596,15.8354903
54.12373,15.83382416
54.1515,15.8273575
54.17927,15.8166561
54.20704,15.80422095
54.23481,15.79260215
54.26258,15.7843251
54.29035,15.78056027
54.31812,15.78044769
54.34589,15.78296064
54.37366,15.7870725
54.40143,15.79193385
54.4292,15.79723806
54.45697,15.80278206
54.48474,15.80836276
54.51251,15.8138043
54.54028,15.81911181
54.56805,15.82436424
54.59582,15.82964076
54.62359,15.83501435
54.65136,15.8404567
54.67913,15.84585667
54.7069,15.85110066
54.73467,15.8560833
54.76244,15.86124011
54.79021,15.86787383
54.81798,15.87736528
54.84575,15.89109507
54.87352,15.9095347
54.90129,15.93015528
54.92906,15.94980982
54.95683,15.96535133
54.9846,15.97407704
55.01237,15.97648385
55.04014,15.97447076
55.06791,15.96994273
55.09568,15.96474584
55.12345,15.95965164
55.15122,15.95449286
55.17899,15.94907061
55.20676,15.9431897
55.23453,15.93694797
55.2623,15.93094628
55.29007,15.92583502
55.31784,15.92226455
55.34561,15.92064351
55.37338,15.92052037
55.40115,15.92125236
55.42892,15.92219669
55.45669,15.92277481
55.48446,15.92291013
55.51223,15.92276213
55.54,15.92249166
55.56777,15.92225566
55.59554,15.92213104
55.62331,15.92211998
55.65108,15.92222185
55.67885,15.92243546
55.70662,15.92270791
55.73439,15.92289118
55.76216,15.92282702
55.78993,15.9223572
55.8177,15.92146098
55.84547,15.92064535
55.87324,15.92054392
55.90101,15.92179027
55.92878,15.9249275
55.95655,15.92973005
55.98432,15.93558461
56.01209,15.94187489
56.03986,15.94799903
56.06763,15.95368528
56.0954,15.9589911
56.12317,15.96398817
56.15094,15.96874881
56.17871,15.97342571
56.20648,15.97832989
56.23425,15.9837909
56.26202,15.99013827
56.28979,15.99742482
56.31756,16.00455729
56.34533,16.01014584
56.3731,16.0128006
56.40087,16.01133447
56.42864,16.00643432
56.45641,15.99980036
56.48418,15.99314273
56.51195,15.9881378
56.53972,15.98558925
56.56749,15.98537117
56.59526,15.98731249
56.62303,15.99124061
56.6508,15.99673065
56.67857,16.00282451
56.70634,16.00849636
56.73411,16.01272038
56.76188,16.01473585
56.78965,16.01496668
56.81742,16.01416751
56.84519,16.013093
56.87296,16.01243967
56.90073,16.01231814
56.9285,16.01249964
56.95627,16.01275126
56.98404,16.01284634
57.01181,16.0127417
57.03958,16.012603
57.06735,16.01260724
57.09512,16.01293062
57.12289,16.01356746
57.15066,16.01409955
57.17843,16.01405185
57.2062,16.01294928
57.23397,16.01037706
57.26174,16.00621106
57.28951,16.00041464
57.31728,15.99295119
57.34505,15.98391167
57.37282,15.97479278
57.40059,15.96796289
57.42836,15.96580339
57.45613,15.97061125
57.4839,15.98184145
57.51167,15.9954933
57.53944,16.00735749
57.56721,16.0132304
57.59498,16.01078274
57.62275,16.0022513
57.65052,15.99055503
57.67829,15.97861291
57.70606,15.96884584
57.73383,15.96108182
57.7616,15.95430766
57.78937,15.94750973
57.81714,15.93992755
57.84491,15.93385819
57.87268,15.93362724
57.90045,15.94359668
57.92822,15.96798295
57.95599,16.00533975
57.98376,16.04686207
58.01153,16.08325284
58.0393,16.10522414
58.06707,16.10806851
58.09484,16.09907424
58.12261,16.0874693
58.15038,16.08248165
58.17815,16.0915556
58.20592,16.11210318
58.23369,16.13803171
58.26146,16.16324483
58.28923,16.18196654
58.317,16.19267359
58.34477,16.19686024
58.37254,16.19608495
58.40031,16.19189245
58.42808,16.18520592
58.45585,16.17608499
58.48362,16.1645256
58.51139,16.15052454
58.53916,16.13480065
58.56693,16.12010715
58.5947,16.10955294
58.62247,16.10624695
58.65024,16.11251163
58.67801,16.12588717
58.70578,16.14211602
58.73355,16.15693743
58.76132,16.16631587
58.78909,16.16951269
58.81686,16.16829021
58.84463,16.16447296
58.8724,16.15987251
58.90017,16.15560388
58.92794,16.15174734
58.95571,16.14829916
58.98348,16.14525574
59.01125,16.14275985
59.03902,16.14139849
59.06679,16.14184255
59.09456,16.14476295
59.12233,16.1505281
59.1501,16.15751619
59.17787,16.16330101
59.20564,16.16545409
59.23341,16.16172512
59.26118,16.15274962
59.28895,16.14150283
59.31672,16.13102739
59.34449,16.12434348
59.37226,16.12302621
59.40003,16.12635397
59.4278,16.13340073
59.45557,16.14324047
59.48334,16.15489524
59.51111,16.16721738
59.53888,16.17902464
59.56665,16.18913473
59.59442,16.19670242
59.62219,16.20328494
59.64996,16.2114827
59.67773,16.22390033
59.7055,16.24297396
59.73327,16.26810665
59.76104,16.29607392
59.78881,16.32356435
59.81658,16.34728518
59.84435,16.36540113
59.87212,16.37855662
59.89989,16.38763741
59.92766,16.39352924
59.95543,16.39696888
59.9832,16.39816812
60.01097,16.39722317
60.03874,16.39423023
60.06651,16.38934355
60.09428,16.38316623
60.12205,16.3765106
60.14982,16.37019014
60.17759,16.36496294
60.20536,16.36047394
60.23313,16.35533781
60.2609,16.34813043
60.28867,16.33744155
60.31644,16.32320609
60.34421,16.30781009
60.37198,16.29389994
60.39975,16.28412199
60.42752,16.28022986
60.45529,16.28058367
60.48306,16.28273737
60.51083,16.28424491
60.5386,16.28291144
60.56637,16.27865233
60.59414,16.27243805
60.62191,16.26524687
60.64968,16.25804241
60.67745,16.25145798
60.70522,16.2458003
60.73299,16.24136218
60.76076,16.23843917
60.78853,16.23766491
60.8163,16.24033329
60.84407,16.24781454
60.87184,16.2614789
60.89961,16.28182142
60.92738,16.30574812
60.95515,16.32924511
60.98292,16.34829852
61.01069,16.35931733
61.03846,16.36257619
61.06623,16.36042157
61.094,16.35521963
61.12177,16.3493223
61.14954,16.34471922
61.17731,16.34301742
61.20508,16.34580562
61.23285,16.35466324
61.26062,16.3696743
61.28839,16.38779111
61.31616,16.4055723
61.34393,16.41957652
61.3717,16.42712335
61.39947,16.42889935
61.42724,16.42652202
61.45501,16.4216089
61.48278,16.4157103
61.51055,16.40970648
61.53832,16.40409301
61.56609,16.39936087
61.59386,16.39599246
61.62163,16.39422156
61.6494,16.39400143
61.67717,16.39527031
61.70494,16.39796623
61.73271,16.40197598
61.76048,16.40707129
61.78825,16.41300818
61.81602,16.41954267
61.84379,16.42636434
61.87156,16.4328456
61.89933,16.43826424
61.9271,16.44189809
61.95487,16.44313706
61.98264,16.4425924
62.01041,16.44162606
62.03818,16.44161095
62.06595,16.44388558
62.09372,16.44865205
62.12149,16.45474232
62.14926,16.46090675
62.17703,16.46589686
62.2048,16.46882335
62.23257,16.46966394
62.26034,16.46852455
62.28811,16.46551111
62.31588,16.4608217
62.34365,16.45512954
62.37142,16.4492605
62.39919,16.44404052
62.42696,16.44026133
62.45473,16.43830629
62.4825,16.43829013
62.51027,16.44032291
62.53804,16.44449963
62.56581,16.45034184
62.59358,16.45663221
62.62135,16.46210463
62.64912,16.46549442
62.67689,16.46621007
62.70466,16.46540666
62.73243,16.46451879
62.7602,16.46498111
62.78797,16.4679473
62.81574,16.4730066
62.84351,16.47920687
62.87128,16.48559544
62.89905,16.49128631
62.92682,16.49626781
62.95459,16.50114331
62.98236,16.50652896
63.01013,16.51302181
63.0379,16.52036768
63.06567,16.52713998
63.09344,16.53182673
63.12121,16.53291693
63.14898,16.52970048
63.17675,16.52370254
63.20452,16.51683522
63.23229,16.5110106
63.26006,16.50784194
63.28783,16.50714354
63.3156,16.50805976
63.34337,16.50973385
63.37114,16.51139822
63.39891,16.51357458
63.42668,16.51775421
63.45445,16.52545211
63.48222,16.53814704
63.50999,16.55541805
63.53776,16.5740462
63.56553,16.59058826
63.5933,16.60160173
63.62107,16.60476992
63.64884,16.60115884
63.67661,16.59246731
63.70438,16.5803941
63.73215,16.5666606
63.75992,16.55313542
63.78769,16.54174613
63.81546,16.53442043
63.84323,16.53294373
63.871,16.53682639
63.89877,16.54375
63.92654,16.55134439
63.95431,16.55725624
63.98208,16.56018843
64.00985,16.56050803
64.03762,16.55872849
64.06539,16.55536327
64.09316,16.55100549
64.12093,16.54650607
64.1487,16.54276803
64.17647,16.54069439
64.20424,16.54105224
64.23201,16.54364996
64.25978,16.54788339
64.28755,16.5531468
64.31532,16.55884505
64.34309,16.56457126
64.37086,16.57008026
64.39863,16.57513215
64.4264,16.57950068
64.45417,16.58400037
64.48194,16.59120095
64.50971,16.60384104
64.53748,16.62465914
64.56525,16.65463604
64.59302,16.68861827
64.62079,16.72011493
64.64856,16.7426351
64.67633,16.75070956
64.7041,16.7466863
64.73187,16.7365241
64.75964,16.72620119
64.78741,16.72146068
64.81518,16.72339019
64.84295,16.72880502
64.87072,16.73436212
64.89849,16.73673439
64.92626,16.73409781
64.95403,16.72734292
64.9818,16.71764542
65.00957,16.706181
65.03734,16.69429958
65.06511,16.68400688
65.09288,16.67746296
65.12065,16.67682783
65.14842,16.68386858
65.17619,16.69708669
65.20396,16.71336545
65.23173,16.72957657
65.2595,16.74265801
65.28727,16.75101858
65.31504,16.75450902
65.34281,16.75304056
65.37058,16.74653351
65.39835,16.73599402
65.42612,16.72452968
65.45389,16.71548851
65.48166,16.7122185
65.50943,16.71707652
65.5372,16.72839434
65.56497,16.74348206
65.59274,16.75964981
65.62051,16.77436336
65.64828,16.7864959
65.67605,16.79566828
65.70382,16.80150822
65.73159,16.8036974
65.75936,16.80326791
65.78713,16.80266608
65.8149,16.80440498
65.84267,16.81098671
65.87044,16.82320707
65.89821,16.83832085
65.92598,16.85314233
65.95375,16.86448583
65.98152,16.87016903
66.00929,16.8724061
66.03706,16.87461497
66.06483,16.88021362
66.0926,16.89217513
66.12037,16.90908727
66.14814,16.92704219
66.17591,16.94210317
66.20368,16.95045756
66.23145,16.95181714
66.25922,16.94983691
66.28699,16.94838
66.31476,16.95130017
66.34253,16.96048703
66.3703,16.97345587
66.39807,16.98713142
66.42584,16.99843837
66.45361,17.00504935
66.48138,17.00817333
66.50915,17.01006349
66.53692,17.01297318
66.56469,17.01894024
66.59246,17.02768166
66.62023,17.03750037
66.648,17.04667919
66.67577,17.05352348
66.70354,17.05707083
66.73131,17.05723405
66.75908,17.05397742
66.78685,17.04726601
66.81462,17.0373014
66.84239,17.02485081
66.87016,17.01076426
66.89793,16.99589178
66.9257,16.98148068
66.95347,16.97080628
66.98124,16.96778933
67.00901,16.97635084
67.03678,16.99978506
67.06455,17.03399417
67.09232,17.07006054
67.12009,17.09898392
67.14786,17.11194966
67.17563,17.10709447
67.2034,17.09143502
67.23117,17.07256657
67.25894,17.05807919
67.28671,17.0532429
67.31448,17.05736427
67.34225,17.06880491
67.37002,17.08592645
67.39779,17.10697398
67.42556,17.12955022
67.45333,17.15103764
67.4811,17.16881856
67.50887,17.18039337
67.53664,17.18479226
67.56441,17.18211235
67.59218,17.17247248
67.61995,17.15603155
67.64772,17.13469544
67.67549,17.11275552
67.70326,17.09467482
67.73103,17.08491355
67.7588,17.08585859
67.78657,17.09416458
67.81434,17.10550373
67.84211,17.11554826
67.86988,17.12050599
67.89765,17.11977675
67.92542,17.11393792
67.95319,17.10356879
67.98096,17.08930139
68.00873,17.07252105
68.0365,17.05517478
68.06427,17.03922302
68.09204,17.02660378
68.11981,17.01810297
68.14758,17.01282424
68.17535,17.00973801
68.20312,17.00781491
68.23089,17.00634087
68.25866,17.00554013
68.28643,17.00581074
68.3142,17.00755074
68.34197,17.01106223
68.36974,17.01602867
68.39751,17.02188811
68.42528,17.02807795
68.45305,17.03405769
68.48082,17.0396347
68.50859,17.04489371
68.53636,17.04992711
68.56413,17.0548279
68.5919,17.05972615
68.61967,17.0648098
68.64744,17.07027181
68.67521,17.07630507
68.70298,17.08288441
68.73075,17.0892854
68.75852,17.09464378
68.78629,17.09809527
68.81406,17.09899151
68.84183,17.09819168
68.8696,17.09719763
68.89737,17.09751362
68.92514,17.10055133
68.95291,17.10610201
68.98068,17.11257679
69.00845,17.11834272
69.03622,17.12178171
69.06399,17.12237995
69.09176,17.12146966
69.11953,17.12055871
69.1473,17.12115488
69.17507,17.12430726
69.20284,17.12947948
69.23061,17.13579283
69.25838,17.14236865
69.28615,17.14842161
69.34169,17.15896951
69.36946,17.16395682
69.39723,17.16907323
69.425,17.1743779
69.45277,17.17976736
69.48054,17.1851322
69.50831,17.19036411
69.53608,17.19545522
69.56385,17.20057744
69.59162,17.20592136
69.61939,17.21167756
69.64716,17.2178859
69.67493,17.22402433
69.7027,17.22943991
69.73047,17.2334797
69.75824,17.23558967
69.78601,17.23602899
69.81378,17.23545623
69.84155,17.2345327
69.86932,17.23389985
69.89709,17.23376484
69.92486,17.23391267
69.95263,17.23411089
69.9804,17.23412844
70.00817,17.23389358
70.03594,17.23364017
70.06371,17.23363666
70.09148,17.2341515
70.11925,17.23526915
70.14702,17.23633424
70.17479,17.23650543
70.20256,17.23494136
70.23033,17.23094894
70.2581,17.22516093
70.28587,17.21890815
70.31364,17.21352767
70.34141,17.21031593
70.36918,17.20956873
70.39695,17.21054274
70.42472,17.21244635
70.45249,17.21449291
70.48026,17.21664185
70.50803,17.22038711
70.5358,17.22741142
70.56357,17.23939756
70.59134,17.2572861
70.61911,17.27879731
70.64688,17.30077826
70.67465,17.32007601
70.70242,17.33382257
70.73019,17.34192765
70.75796,17.34586777
70.78573,17.34713711
70.8135,17.3472383
70.84127,17.34791085
70.86904,17.35115703
70.89681,17.35899275
70.92458,17.37342507
70.95235,17.39466606
70.98012,17.41896668
71.00789,17.44204866
71.03566,17.45963372
71.06343,17.46844425
71.0912,17.469888
71.11897,17.46674289
71.14674,17.461787
71.17451,17.45765678
71.20228,17.45548095
71.23005,17.45547758
71.25782,17.45785213
71.28559,17.46278198
71.31336,17.4695495
71.34113,17.47637617
71.3689,17.48142201
71.39667,17.48285053
71.42444,17.47982485
71.45221,17.4738768
71.47998,17.46688132
71.50775,17.46071335
71.53552,17.45695299
71.56329,17.45569002
71.59106,17.45654445
71.61883,17.45913612
71.6466,17.46308616
71.67437,17.4680305
71.70214,17.47361466
71.72991,17.47948434
71.75768,17.4852897
71.78545,17.4908459
71.81322,17.49617704
71.84099,17.50132067
71.86876,17.50631444
71.89653,17.51123819
71.9243,17.51627918
71.95207,17.52164156
71.97984,17.52752945
72.00761,17.5340197
72.03538,17.54049435
72.06315,17.54609953
72.09092,17.54998117
72.11869,17.55138628
72.14646,17.55085509
72.17423,17.54982205
72.202,17.54973942
72.22977,17.55203215
72.25754,17.55695777
72.28531,17.56319333
72.31308,17.5693036
72.34085,17.57385407
72.36862,17.57593446
72.39639,17.57607018
72.42416,17.57503023
72.45193,17.57358362
72.4797,17.57242761
72.50747,17.57183622
72.53524,17.5719288
72.56301,17.57282444
72.59078,17.5746576
72.61855,17.57777906
72.64632,17.5826995
72.67409,17.58993337
72.70186,17.59997434
72.72963,17.61227327
72.7574,17.62477142
72.78517,17.63529192
72.81294,17.64165882
72.84071,17.64283
72.86848,17.64110592
72.89625,17.63939997
72.92402,17.64062558
72.95179,17.64715547
72.97956,17.65791189
73.00733,17.67046081
73.0351,17.68236496
73.06287,17.69132379
73.09064,17.69716536
73.11841,17.70139985
73.14618,17.70558328
73.17395,17.71124949
73.20172,17.71860438
73.22949,17.72579762
73.25726,17.73080222
73.28503,17.73159161
73.3128,17.7271921
73.34057,17.71997361
73.36834,17.71296828
73.39611,17.70920824
73.42388,17.71116342
73.45165,17.71741868
73.47942,17.72491778
73.50719,17.73059867
73.53496,17.73155655
73.56273,17.72760252
73.5905,17.72084117
73.61827,17.71344905
73.64604,17.70759034
73.67381,17.7045302
73.70158,17.70404411
73.72935,17.70576743
73.75712,17.70933555
73.78489,17.7146567
73.81266,17.72257308
73.84043,17.73412653
73.8682,17.75035892
73.89597,17.77190524
73.92374,17.79635222
73.95151,17.81990396
73.97928,17.83875768
74.00705,17.84930453
74.03482,17.85166712
74.06259,17.84933477
74.09036,17.8459175
74.11813,17.84501305
74.1459,17.84912474
74.17367,17.85881393
74.20144,17.87444252
74.22921,17.89637241
74.25698,17.92406718
74.28475,17.9536742
74.31252,17.98057582
74.34029,18.00015437
74.36806,18.00841776
74.39583,18.00646265
74.4236,17.99786231
74.45137,17.98620655
74.47914,17.97501244
74.50691,17.96622972
74.53468,17.96029752
74.56245,17.95759353
74.59022,17.95848987
74.61799,17.96273148
74.67353,17.97532737
74.7013,17.9805199
74.72907,17.9832438
74.75684,17.98379239
74.78461,17.98283185
74.81238,17.98102838
74.84015,17.97904883
74.86792,17.97756606
74.89569,17.97725603
74.92346,17.97879476
74.95123,17.98281374
74.979,17.98886499
75.00677,17.99538912
75.03454,18.0007758
75.06231,18.00342278
75.09008,18.00289864
75.11785,18.00115835
75.14562,18.00044742
75.17339,18.00301139
75.20116,18.01042332
75.22893,18.02136694
75.2567,18.03375009
75.28447,18.04548062
75.31224,18.05464885
75.34001,18.06110405
75.36778,18.06567898
75.39555,18.06921714
75.42332,18.07255598
75.45109,18.07636625
75.47886,18.08113536
75.50663,18.08734131
75.5344,18.09545994
75.56217,18.10554372
75.58994,18.11671941
75.61771,18.12799134
75.64548,18.13836387
75.67325,18.14698181
75.70102,18.15364139
75.72879,18.15832745
75.75656,18.16102485
75.78433,18.16177828
75.8121,18.16126193
75.83987,18.16052689
75.86764,18.16062934
75.89541,18.16260096
75.92318,18.16670574
75.95095,18.17230544
75.97872,18.17871021
76.00649,18.18523086
76.03426,18.19134985
76.06203,18.19695268
76.0898,18.20198266
76.11757,18.20638308
76.14534,18.21022587
76.17311,18.21422662
76.20088,18.21930194
76.22865,18.22636845
76.25642,18.2362046
76.28419,18.24799708
76.31196,18.25991257
76.33973,18.27010108
76.3675,18.27674843
76.39527,18.27933264
76.42304,18.27895444
76.45081,18.27681757
76.47858,18.27412535
76.50635,18.27191545
76.53412,18.27080754
76.56189,18.27135644
76.58966,18.27411694
76.61743,18.27937416
76.6452,18.28595562
76.67297,18.29219866
76.70074,18.29644021
76.72851,18.29712761
76.75628,18.29410352
76.78405,18.28816705
76.81182,18.28013598
76.83959,18.27085579
76.86736,18.26233188
76.89513,18.25812651
76.9229,18.26191123
76.95067,18.27735365
76.97844,18.30563348
77.00621,18.34118005
77.03398,18.37728881
77.06175,18.40725522
77.08952,18.42554596
77.11729,18.43346889
77.14506,18.43480864
77.17283,18.43335326
77.2006,18.43275523
77.22837,18.43478069
77.25614,18.43981313
77.28391,18.44820425
77.31168,18.46029438
77.33945,18.4758626
77.36722,18.49388265
77.39499,18.51326599
77.42276,18.53292404
77.45053,18.55172584
77.4783,18.56841669
77.50607,18.5817194
77.53384,18.59035679
77.56161,18.59345591
77.58938,18.59269756
77.61715,18.59075703
77.64492,18.59031182
77.67269,18.59384255
77.70046,18.60080365
77.72823,18.60827854
77.756,18.61328718
77.78377,18.61289385
77.81154,18.60675105
77.83931,18.59848444
77.86708,18.59205697
77.89485,18.59143089
77.92262,18.59888122
77.95039,18.61137624
77.97816,18.62484356
78.00593,18.63521075
78.0337,18.63911487
78.06147,18.63804544
78.08924,18.63552289
78.11701,18.63507454
78.14478,18.64002842
78.17255,18.65031756
78.20032,18.6630323
78.22809,18.67517533
78.25586,18.68377164
78.28363,18.68741931
78.3114,18.68730057
78.33917,18.68483789
78.36694,18.68145373
78.39471,18.678454
78.42248,18.67674951
78.45025,18.67716741
78.47802,18.68053486
78.50579,18.68750571
78.53356,18.69744889
78.56133,18.7091558
78.5891,18.72141507
78.61687,18.7330609
78.64464,18.74379155
78.67241,18.7540783
78.70018,18.76441968
78.72795,18.77530919
78.75572,18.78680588
78.78349,18.7982046
78.81126,18.80872259
78.83903,18.81757709
78.8668,18.82428682
78.89457,18.82947264
78.92234,18.83400718
78.95011,18.83876309
78.97788,18.84447249
79.00565,18.85073644
79.03342,18.85661055
79.06119,18.86114688
79.08896,18.86344613
79.11673,18.86364139
79.1445,18.86285238
79.17227,18.86223832
79.20004,18.86295448
79.22781,18.86572791
79.25558,18.87047878
79.28335,18.87703793
79.31112,18.88523619
79.33889,18.89485142
79.36666,18.90545257
79.39443,18.91655709
79.4222,18.92768243
79.44997,18.93840347
79.47774,18.94879762
79.50551,18.95920218
79.53328,18.96995664
79.56105,18.98137638
79.58882,18.99320065
79.61659,19.0045806
79.64436,19.01464082
79.67213,19.02250895
79.6999,19.02774002
79.72767,19.03075237
79.75544,19.03206831
79.78321,19.03221017
79.81098,19.03172195
79.83875,19.03123988
79.86652,19.03142472
79.89429,19.03293723
79.92206,19.03640639
79.94983,19.0421585
79.9776,19.05035206
80.00537,19.0611438
80.03314,19.07465916
80.06091,19.09017782
80.08868,19.10605707
80.11645,19.12060752
80.14422,19.13214295
80.17199,19.13956402
80.19976,19.14304315
80.22753,19.14291917
80.2553,19.13953092
80.28307,19.13364681
80.31084,19.12800764
80.33861,19.12591995
80.36638,19.13069031
80.39415,19.14515625
80.42192,19.167275
80.44969,19.19210738
80.47746,19.21467608
80.50523,19.23014325
80.533,19.23796843
80.56077,19.24261852
80.58854,19.24884292
80.61631,19.26138139
80.64408,19.28249036
80.67185,19.30864864
80.69962,19.33551529
80.72739,19.35874934
80.75516,19.37474645
80.78293,19.38355281
80.8107,19.38634339
80.83847,19.38429347
80.86624,19.3787235
80.89401,19.37260646
80.92178,19.36996507
80.94955,19.37483882
80.97732,19.39115142
81.00509,19.41872666
81.03286,19.45228358
81.06063,19.48622138
81.0884,19.514945
81.11617,19.53501477
81.14394,19.54837876
81.17171,19.55781315
81.19948,19.56609406
81.22725,19.57554557
81.25502,19.58607228
81.28279,19.5967728
81.31056,19.6067452
81.33833,19.61514378
81.3661,19.62182515
81.39387,19.62712322
81.42164,19.63138098
81.44941,19.63491545
81.47718,19.63697651
81.50495,19.63539389
81.53272,19.62789893
81.56049,19.61222631
81.58826,19.58810624
81.61603,19.56063262
81.6438,19.53579129
81.67157,19.51956809
81.69934,19.51675325
81.72711,19.5252231
81.75488,19.54037439
81.78265,19.55760065
81.81042,19.57253688
81.83819,19.58413554
81.86596,19.59375996
81.89373,19.60282775
81.9215,19.61273632
81.94927,19.62391076
81.97704,19.63539271
82.00481,19.64611817
82.03258,19.65502363
82.06035,19.66153098
82.08812,19.6664663
82.11589,19.67090809
82.14366,19.67593483
82.17143,19.6825414
82.1992,19.69119974
82.22697,19.70218007
82.25474,19.71575219
82.28251,19.73209999
82.31028,19.7501045
82.33805,19.76763468
82.36582,19.78253289
82.39359,19.79266201
82.42136,19.79705741
82.44913,19.79653868
82.4769,19.79207508
82.50467,19.78463604
82.53244,19.77553746
82.56021,19.76717457
82.58798,19.76215218
82.61575,19.7630751
82.64352,19.77202903
82.67129,19.7875852
82.69906,19.80685745
82.72683,19.82695494
82.7546,19.84506907
82.78237,19.85977405
82.81014,19.87079206
82.83791,19.87788004
82.86568,19.88080848
82.89345,19.88027803
82.92122,19.87850404
82.94899,19.87784107
82.97676,19.88064352
83.00453,19.88837864
83.0323,19.89953515
83.06007,19.91197735
83.08784,19.92356956
83.11561,19.93243805
83.14338,19.93863138
83.17115,19.94305422
83.19892,19.94661515
83.22669,19.95020522
83.25446,19.95438703
83.28223,19.95943189
83.31,19.965601
83.33777,19.97316287
83.36554,19.983003
83.39331,19.99708256
83.42108,20.01747073
83.44885,20.04623663
83.47662,20.08399856
83.50439,20.12612216
83.53216,20.16678472
83.55993,20.20016355
83.5877,20.22117715
83.61547,20.23064629
83.64324,20.23221291
83.67101,20.22953643
83.69878,20.22618257
83.72655,20.22375612
83.75432,20.22200371
83.78209,20.22059877
83.80986,20.21921768
83.83763,20.21784478
83.8654,20.21703968
83.89317,20.21742496
83.92094,20.2196232
83.94871,20.22397255
83.97648,20.22970032
84.00425,20.23576263
84.03202,20.24111565
84.05979,20.24491628
84.08756,20.24805942
84.11533,20.25233078
84.1431,20.25952335
84.17087,20.27134095
84.19864,20.28739139
84.22641,20.30516069
84.25418,20.32204058
84.28195,20.33543234
84.30972,20.34403319
84.33749,20.34913459
84.36526,20.3523372
84.39303,20.35524165
84.4208,20.35915205
84.44857,20.36412289
84.47634,20.36987962
84.50411,20.37614768
84.53188,20.38263795
84.55965,20.38892416
84.58742,20.39450469
84.61519,20.39887712
84.64296,20.40155681
84.67073,20.40253164
84.6985,20.40230043
84.72627,20.4013875
84.75404,20.40031944
84.78181,20.40003106
84.80958,20.40233376
84.83735,20.40915246
84.86512,20.42241207
84.89289,20.44358278
84.92066,20.47206742
84.94843,20.50668157
84.9762,20.54624077
85.00397,20.58941783
85.03174,20.63341694
85.05951,20.67457833
85.08728,20.70923116
85.11505,20.73381447
85.14282,20.74809561
85.17059,20.75568721
85.19836,20.76041587
85.22613,20.76610318
85.2539,20.77533336
85.28167,20.78783824
85.30944,20.80294904
85.33721,20.81999703
85.36498,20.83815328
85.39275,20.85580302
85.42052,20.87109078
85.44829,20.88216104
85.47606,20.88741444
85.50383,20.88813384
85.5316,20.88741705
85.55937,20.88839023
85.58714,20.89410602
85.61491,20.90506126
85.64268,20.91859769
85.67045,20.93186199
85.69822,20.94200395
85.72599,20.94729311
85.75376,20.94877209
85.78153,20.94790539
85.8093,20.9461575
85.83707,20.94511767
85.86484,20.94703602
85.89261,20.95438081
85.92038,20.96962037
85.94815,20.99480952
85.97592,21.02690026
86.00369,21.05940675
86.03146,21.08577893
86.05923,21.09965115
86.087,21.10208366
86.11477,21.10393457
86.14254,21.11673223
86.17031,21.15199336
86.19808,21.21470853
86.22585,21.2924907
86.25362,21.37009204
86.28139,21.43226473
86.30916,21.46646992
86.33693,21.47567825
86.3647,21.46837035
86.39247,21.45303342
86.42024,21.4378319
86.44801,21.42654975
86.47578,21.41981485
86.50355,21.4181855
86.53132,21.42220536
86.55909,21.4317304
86.58686,21.44564642
86.61463,21.46276608
86.6424,21.48190191
86.67017,21.50174617
86.69794,21.52064654
86.72571,21.53688937
86.75348,21.54876101
86.78125,21.55483101
86.80902,21.55542218
86.83679,21.55152744
86.86456,21.54414106
86.89233,21.53424966
86.9201,21.52272528
86.94787,21.51035175
86.97564,21.4979106
87.00341,21.48618591
87.03118,21.47610255
87.05895,21.46879785
87.08672,21.46542674
87.11449,21.46714388
87.14226,21.47454474
87.17003,21.48649944
87.1978,21.50154641
87.22557,21.51822405
87.25334,21.53517779
87.28111,21.55177032
87.30888,21.56765898
87.33665,21.58250204
87.36442,21.59595724
87.39219,21.60767363
87.41996,21.61729312
87.44773,21.62445741
87.4755,21.62881737
87.50327,21.63063953
87.53104,21.63118424
87.55881,21.63180213
87.58658,21.63384375
87.61435,21.63819014
87.64212,21.64416119
87.66989,21.65075271
87.69766,21.65696054
87.72543,21.66200232
87.7532,21.66670645
87.78097,21.6726122
87.80874,21.68126194
87.83651,21.69411272
87.86428,21.71104708
87.89205,21.73056281
87.91982,21.75111049
87.94759,21.77114625
87.97536,21.78958167
88.00313,21.80611547
88.0309,21.82052449
88.05867,21.83258561
88.08644,21.84224114
88.11421,21.85002661
88.14198,21.85661043
88.16975,21.86266102
88.19752,21.86879975
88.22529,21.87527731
88.25306,21.8821688
88.28083,21.88954829
88.3086,21.8974994
88.33637,21.90630351
88.36414,21.91642772
88.39191,21.92834637
88.41968,21.94252762
88.44745,21.95880982
88.47522,21.97586552
88.50299,21.99224097
88.53076,22.00648243
88.55853,22.01753995
88.5863,22.02592523
88.61407,22.03252744
88.64184,22.0382358
88.66961,22.04377392
88.69738,22.04844786
88.72515,22.05084352
88.75292,22.04954113
88.78069,22.04324441
88.80846,22.03351666
88.83623,22.02479143
88.864,22.02162789
88.89177,22.02856049
88.91954,22.04688759
88.94731,22.07148702
88.97508,22.09647967
89.00285,22.11598641
89.03062,22.12566471
89.05839,22.12758366
89.08616,22.12548442
89.11393,22.12310815
89.1417,22.12400968
89.16947,22.13000684
89.19724,22.14197171
89.22501,22.16076689
89.25278,22.18721853
89.28055,22.22119915
89.30832,22.26155878
89.33609,22.30709717
89.36386,22.3566103
89.39163,22.40824074
89.4194,22.45874058
89.44717,22.50468376
89.47494,22.54264424
89.50271,22.57003007
89.53048,22.58800462
89.55825,22.59878761
89.58602,22.60459884
89.61379,22.60758687
89.64156,22.60917593
89.66933,22.6103678
89.6971,22.61215901
89.72487,22.6155177
89.75264,22.62056734
89.78041,22.62646379
89.80818,22.63230979
89.83595,22.63721035
89.86372,22.64079897
89.89149,22.64391645
89.91926,22.64757137
89.94703,22.6527723
89.9748,22.66031525
90.00257,22.66996324
90.03034,22.68116601
90.05811,22.69337323
90.08588,22.70604822
90.11365,22.71880649
90.14142,22.73135851
90.16919,22.74341619
90.19696,22.75470364
90.22473,22.76536136
90.2525,22.77603953
90.28027,22.7874194
90.30804,22.80018113
90.33581,22.81463449
90.36358,22.83018031
90.39135,22.84608257
90.41912,22.86160526
90.44689,22.87606744
90.47466,22.88907729
90.50243,22.90033747
90.5302,22.9095507
90.55797,22.91653122
90.58574,22.92245307
90.61351,22.92939851
90.64128,22.93946639
90.66905,22.95470155
90.69682,22.97501576
90.72459,22.99753039
90.75236,23.01917838
90.78013,23.03689528
90.8079,23.04900834
90.83567,23.05751602
90.86344,23.06501506
90.89121,23.0741022
90.91898,23.08678426
90.94675,23.10172421
90.97452,23.11640823
91.00229,23.1283212
91.03006,23.13517235
91.05783,23.13767786
91.0856,23.13870182
91.11337,23.14115474
91.14114,23.14789389
91.16891,23.1593203
91.19668,23.17239992
91.22445,23.18384278
91.25222,23.19036116
91.27999,23.1906721
91.30776,23.18918268
91.33553,23.19130257
91.3633,23.2024415
91.39107,23.22698525
91.41884,23.26304453
91.44661,23.30635396
91.47438,23.35264371
91.50215,23.39767516
91.52992,23.43767169
91.55769,23.46920949
91.58546,23.48887363
91.61323,23.49334662
91.641,23.48462951
91.66877,23.47267793
91.69654,23.46809906
91.72431,23.48149762
91.75208,23.51915462
91.77985,23.57413701
91.80762,23.63699615
91.83539,23.69828338
91.86316,23.74957359
91.89093,23.78923019
91.9187,23.81838012
91.94647,23.83815839
91.97424,23.84973629
92.00201,23.85487928
92.02978,23.85583771
92.05755,23.85487611
92.08532,23.85423791
92.11309,23.85478331
92.14086,23.85515915
92.16863,23.85381351
92.1964,23.84919481
92.22417,23.84129706
92.25194,23.83520408
92.27971,23.83704591
92.30748,23.85295263
92.33525,23.887587
92.36302,23.9350678
92.39079,23.98490288
92.41856,24.02658069
92.44633,24.05015655
92.4741,24.05599826
92.50187,24.05346665
92.52964,24.05222396
92.55741,24.061862
92.58518,24.08634664
92.61295,24.12000675
92.64072,24.15622499
92.66849,24.1883841
92.69626,24.21175036
92.72403,24.228278
92.7518,24.24140495
92.77957,24.25456914
92.80734,24.27073906
92.83511,24.28922358
92.86288,24.30761371
92.89065,24.32349056
92.91842,24.33452705
92.94619,24.34026181
92.97396,24.34197161
93.00173,24.34099953
93.0295,24.33868527
93.05727,24.33603395
93.08504,24.33343682
93.11281,24.33121936
93.14058,24.32970706
93.16835,24.32944578
93.19612,24.33182543
93.22389,24.33843794
93.25166,24.35087525
93.27943,24.37025252
93.3072,24.39364626
93.33497,24.41609961
93.36274,24.43264021
93.39051,24.43848937
93.41828,24.43328454
93.44605,24.42105833
93.47382,24.40603282
93.50159,24.39242693
93.52936,24.38405949
93.55713,24.38396267
93.5849,24.39507689
93.61267,24.42034255
93.64044,24.4609644
93.66821,24.51097518
93.69598,24.56255545
93.72375,24.60788579
93.75152,24.64000516
93.77929,24.65986757
93.80706,24.67269837
93.83483,24.68376452
93.8626,24.69822468
93.89037,24.71844945
93.91814,24.74384523
93.94591,24.77367484
93.97368,24.80720002
94.00145,24.84350054
94.02922,24.88127243
94.05699,24.91916307
94.08476,24.95581986
94.11253,24.98991056
94.1403,25.02019379
94.16807,25.0454535
94.19584,25.06447363
94.22361,25.07632799
94.25138,25.08300544
94.27915,25.08817985
94.30692,25.0955456
94.33469,25.10870128
94.36246,25.12844249
94.39023,25.15238105
94.418,25.17795649
94.44577,25.20261164
94.47354,25.22453793
94.50131,25.24362111
94.52908,25.25997998
94.55685,25.27373335
94.58462,25.28501089
94.61239,25.29399459
94.64016,25.30088216
94.66793,25.30587129
94.6957,25.30926491
94.72347,25.31252239
94.75124,25.31781879
94.77901,25.32733979
94.80678,25.34319571
94.83455,25.36497017
94.86232,25.38918034
94.89009,25.41215882
94.91786,25.43024409
94.94563,25.44168359
94.9734,25.44936571
95.00117,25.45687055
95.02894,25.46777825
95.05671,25.48487147
95.08448,25.50679029
95.11225,25.53083375
95.14002,25.55430023
95.16779,25.57459962
95.19556,25.59048537
95.22333,25.60160056
95.2511,25.60760415
95.27887,25.60818155
95.30664,25.60404322
95.33441,25.59722904
95.36218,25.58986756
95.38995,25.58408605
95.41772,25.58139745
95.44549,25.58170902
95.47326,25.58466902
95.50103,25.58992569
95.5288,25.59719989
95.55657,25.60661997
95.58434,25.61845631
95.61211,25.63297945
95.63988,25.65044452
95.66765,25.67090263
95.69542,25.69426046
95.72319,25.72042158
95.75096,25.74929978
95.77873,25.78126935
95.8065,25.81734303
95.83427,25.85858056
95.86204,25.90604051
95.88981,25.95980724
95.91758,26.01722609
95.94535,26.07516457
95.97312,26.13049018
96.00089,26.18040394
96.02866,26.22413024
96.05643,26.26165247
96.0842,26.2929554
96.11197,26.31806725
96.13974,26.33765119
96.16751,26.35285105
96.19528,26.36482259
96.22305,26.37472228
96.25082,26.38374582
96.27859,26.39314698
96.30636,26.40418424
96.33413,26.41811557
96.3619,26.4353446
96.38967,26.45368884
96.41744,26.47047834
96.44521,26.48304313
96.47298,26.48937974
96.50075,26.49186023
96.52852,26.49462144
96.55629,26.50180509
96.58406,26.51726418
96.61183,26.54018878
96.6396,26.56599573
96.66737,26.58999358
96.69514,26.6075439
96.72291,26.61739824
96.75068,26.62368568
96.77845,26.6310126
96.80622,26.6439849
96.83399,26.66545932
96.86176,26.69258748
96.88953,26.72135981
96.9173,26.7477667
96.94507,26.76843359
96.97284,26.78450211
97.00061,26.79907081
97.02838,26.81524613
97.05615,26.83594085
97.08392,26.86059352
97.11169,26.88563862
97.13946,26.90741166
97.16723,26.9222813
97.195,26.92919436
97.22277,26.93147528
97.25054,26.93287351
97.27831,26.93713842
97.30608,26.94718948
97.33385,26.96302787
97.36162,26.98401368
97.38939,27.00950698
97.41716,27.03907861
97.44493,27.07392517
97.4727,27.11599954
97.50047,27.16725879
97.52824,27.2293966
97.55601,27.29883328
97.58378,27.36711768
97.61155,27.42561581
97.63932,27.46575527
97.66709,27.4848998
97.69486,27.49120815
97.72263,27.49398267
97.7504,27.50252573
97.77817,27.52337562
97.80594,27.552587
97.83371,27.58372942
97.86148,27.61037245
97.88925,27.62686037
97.91702,27.63403001
97.94479,27.63595783
97.97256,27.63674414
98.00033,27.64037601
98.0281,27.64829784
98.05587,27.65944473
98.08364,27.6726453
98.11141,27.68673267
98.13918,27.70109203
98.16695,27.71618453
98.19472,27.73259542
98.22249,27.75090998
98.25026,27.77142758
98.27803,27.79327773
98.3058,27.81529076
98.33357,27.836297
98.36134,27.85524266
98.38911,27.87213081
98.41688,27.88752977
98.44465,27.90201322
98.47242,27.91615132
98.50019,27.93042552
98.52796,27.94522372
98.55573,27.96092939
98.5835,27.97792272
98.61127,27.9960668
98.63904,28.01414396
98.66681,28.03080097
98.69458,28.0446846
98.72235,28.05502486
98.75012,28.06362668
98.77789,28.07300539
98.80566,28.08567633
98.83343,28.10381414
98.8612,28.12620576
98.88897,28.14969701
98.91674,28.17111077
98.94451,28.18739649
98.97228,28.19914632
99.00005,28.21105486
99.02782,28.22803566
99.05559,28.25499049
99.08336,28.29426773
99.11113,28.34248899
99.1389,28.39549635
99.16667,28.44913191
99.19444,28.49998782
99.22221,28.54822997
99.24998,28.59508748
99.27775,28.64178961
99.30552,28.68935307
99.33329,28.73648498
99.36106,28.78047565
99.38883,28.81859484
99.4166,28.84820285
99.44437,28.86964183
99.47214,28.88684193
99.49991,28.90394642
99.52768,28.92508601
99.55545,28.95051711
99.58322,28.97116377
99.61099,28.97657325
99.63876,28.95629283
99.66653,28.9031043
99.6943,28.82642707
99.72207,28.74101505
99.74984,28.66162459
99.77761,28.60230178
99.80538,28.56863818
99.83315,28.56067557
99.86092,28.57835886
99.88869,28.6074625
99.91646,28.62505602
99.94423,28.6448098
99.972,28.66623979
99.99977,28.68886197
